Experimento,Modelo,DireĂ§ĂŁo,BLEU,chrF1,chrF3
few-shot,facebook/nllb-200-distilled-600M,PTâ†’TA,27.516060407455225,32.83150902285638,42.09593924875345
few-shot,facebook/nllb-200-distilled-600M,TAâ†’PT,49.99999999999999,49.116890446187014,50.63320710968411
zero-shot,facebook/nllb-200-distilled-600M,PTâ†’TA,5.522397783539471,13.426924479913788,16.75060926581913
zero-shot,facebook/nllb-200-distilled-600M,TAâ†’PT,45.180100180492246,30.53070636091085,22.15259955338407
